Country Name,GDP_count,GDP_mean,GDP_std,GDP_min,GDP_max,Employment_count,Employment_mean,Employment_std,Employment_min,Employment_max,GDP_Growth_count,GDP_Growth_mean,GDP_Growth_std,GDP_Growth_min,GDP_Growth_max
Canada,34,39357.078405294116,4856.836356879475,30563.37882,45227.14474,33,60.712303030303026,1.6294546151406089,57.548,63.041,34,2.135409930647059,2.1852059748881105,-5.038233441,5.286956891
China,34,5073.22950837647,3583.6306830229973,905.0324572,12175.19611,33,69.12324242424242,4.132756465350194,62.523,76.84,34,8.797740447441175,2.9249492755183217,2.238638356,14.23086093
Japan,34,32770.73850352941,2371.821777545108,28422.21312,36990.33011,33,59.2389393939394,1.957756479675684,56.44,62.608,34,0.963596275764706,2.05045790390304,-5.693236359,4.840929057
United Kingdom,34,40583.32798735294,5456.61758877659,30441.48135,47551.22966,33,57.83193939393939,1.5112413552150157,54.713,60.335,34,1.8594160779411764,2.9905879496127383,-10.29691887,8.575950905
United States,34,51521.551092941176,7640.364125516628,38637.83981,65875.17788,33,60.46842424242425,1.872493258170496,56.598,63.506,34,2.491121020647059,1.7576006828679054,-2.576500234,6.055052933
